x1,x2,km,gmm,class
0.46763575077056885,4.204672336578369,2.0,2.0,2.0
-1.009377121925354,-4.505134105682373,2.0,2.0,1.0
0.8382917642593384,-6.545181751251221,1.0,2.0,0.0
1.871923565864563,-4.667255401611328,2.0,2.0,1.0
2.877401351928711,5.742013454437256,0.0,0.0,0.0
2.22857666015625,-4.403374195098877,2.0,2.0,1.0
-1.4265645742416382,-12.134130477905273,1.0,1.0,0.0
-1.4110443592071533,-7.120864391326904,1.0,1.0,1.0
-0.7004357576370239,0.8783441185951233,2.0,2.0,2.0
-2.3420569896698,-9.236922264099121,1.0,1.0,0.0
-0.8261640071868896,-12.310032844543457,1.0,1.0,1.0
1.2797878980636597,6.997464656829834,0.0,0.0,2.0
-1.4316606521606445,-7.123422622680664,1.0,1.0,1.0
-1.2549699544906616,-10.452834129333496,1.0,1.0,1.0
1.9034144878387451,7.165432453155518,0.0,0.0,2.0
-0.3279566168785095,-0.4632219076156616,2.0,2.0,1.0
1.0962563753128052,4.867679119110107,0.0,0.0,0.0
-0.8022539019584656,-2.515369176864624,2.0,2.0,1.0
1.1627488136291504,-6.654634475708008,1.0,2.0,0.0
-1.283019781112671,-3.444106340408325,2.0,2.0,0.0
-1.395430088043213,-7.122692584991455,1.0,1.0,1.0
2.308497190475464,8.256515502929688,0.0,0.0,1.0
2.093667507171631,7.31508207321167,0.0,0.0,2.0
-0.8246236443519592,2.941063404083252,2.0,2.0,2.0
2.6810660362243652,-1.5935362577438354,2.0,2.0,0.0
-0.1384553462266922,3.793997049331665,2.0,2.0,2.0
0.9654849171638489,-4.95897912979126,2.0,2.0,2.0
-0.4357357621192932,-1.6355453729629517,2.0,2.0,2.0
-1.630315899848938,-7.767595291137695,1.0,1.0,0.0
-0.8182487487792969,-8.82947063446045,1.0,1.0,2.0
1.3779137134552002,6.782499313354492,0.0,0.0,0.0
0.9744569063186646,-12.301522254943848,1.0,1.0,2.0
-2.8867552280426025,-12.2343111038208,1.0,1.0,0.0
0.6063113808631897,2.0995543003082275,2.0,2.0,2.0
-0.6921262145042419,-10.661046028137207,1.0,1.0,0.0
0.13220299780368805,1.5889893770217896,2.0,2.0,0.0
0.7175596952438354,-12.056336402893066,1.0,1.0,0.0
-0.7080824971199036,-5.412501811981201,1.0,2.0,1.0
1.7896865606307983,1.063507080078125,2.0,2.0,0.0
0.5368861556053162,-0.20501258969306946,2.0,2.0,1.0
-1.6019214391708374,-4.463005542755127,2.0,2.0,0.0
1.0255073308944702,-11.264985084533691,1.0,1.0,0.0
-1.0351459980010986,-4.498053550720215,2.0,2.0,2.0
-0.30945315957069397,-11.371183395385742,1.0,1.0,0.0
-1.7276430130004883,-11.247736930847168,1.0,1.0,2.0
1.8029221296310425,-6.331412315368652,1.0,2.0,2.0
-0.24004019796848297,-0.6996384859085083,2.0,2.0,2.0
2.106635570526123,-3.400144577026367,2.0,2.0,2.0
1.058086633682251,-4.430022239685059,2.0,2.0,1.0
2.9274449348449707,7.774667263031006,0.0,0.0,0.0
0.4139014780521393,-2.235410690307617,2.0,2.0,1.0
-2.0894429683685303,-11.201003074645996,1.0,1.0,1.0
-0.9266074299812317,-7.157509803771973,1.0,1.0,2.0
1.4324555397033691,12.637789726257324,0.0,0.0,0.0
1.3881261348724365,1.8915636539459229,2.0,2.0,1.0
1.6568681001663208,-0.07888265699148178,2.0,2.0,0.0
-0.7187788486480713,-8.955222129821777,1.0,1.0,2.0
1.2074339389801025,9.546239852905273,0.0,0.0,2.0
-2.9972879886627197,-11.932855606079102,1.0,1.0,0.0
-2.03291916847229,-10.2926664352417,1.0,1.0,0.0
1.6681158542633057,0.09416428953409195,2.0,2.0,0.0
-1.873648762702942,-12.416786193847656,1.0,1.0,0.0
-0.8243318796157837,2.1113712787628174,2.0,2.0,2.0
0.5368861556053162,-0.2050125002861023,2.0,2.0,2.0
-0.5689149498939514,4.165379524230957,2.0,2.0,2.0
-2.124840021133423,-12.001852989196777,1.0,1.0,2.0
1.9607164859771729,5.66429328918457,0.0,0.0,2.0
-2.4521119594573975,-11.613343238830566,1.0,1.0,0.0
-1.152111291885376,-9.957566261291504,1.0,1.0,0.0
2.945005416870117,6.18651008605957,0.0,0.0,2.0
2.1618154048919678,6.0974225997924805,0.0,0.0,2.0
-0.1964954286813736,3.0875887870788574,2.0,2.0,2.0
-2.5064496994018555,-10.864112854003906,1.0,1.0,0.0
-0.21094319224357605,-12.074806213378906,1.0,1.0,0.0
-0.04828682169318199,-4.123720169067383,2.0,2.0,1.0
0.8121758699417114,10.283178329467773,0.0,0.0,0.0
1.2021510601043701,11.603005409240723,0.0,0.0,0.0
-1.1450942754745483,-2.465848922729492,2.0,2.0,1.0
0.7826200723648071,-5.884596347808838,1.0,2.0,2.0
0.7580875158309937,8.989773750305176,0.0,0.0,2.0
0.6701145768165588,-2.831289291381836,2.0,2.0,2.0
-1.417007327079773,-12.486157417297363,1.0,1.0,0.0
1.5646836757659912,11.306438446044922,0.0,0.0,2.0
0.15146496891975403,-9.788311004638672,1.0,1.0,1.0
0.846550703048706,-11.209966659545898,1.0,1.0,2.0
-1.8477818965911865,-6.874534606933594,1.0,1.0,2.0
0.7633530497550964,9.421414375305176,0.0,0.0,1.0
0.5471726655960083,12.00915813446045,0.0,0.0,1.0
1.2546626329421997,-5.476571083068848,1.0,2.0,1.0
2.333604574203491,4.63762903213501,0.0,0.0,0.0
1.1471858024597168,4.5999650955200195,0.0,0.0,2.0
-1.3311824798583984,-8.659955978393555,1.0,1.0,1.0
0.5439769625663757,11.925726890563965,0.0,0.0,1.0
0.4587719738483429,4.293692111968994,0.0,2.0,2.0
2.707261085510254,8.511911392211914,0.0,0.0,0.0
2.4031529426574707,2.5107734203338623,2.0,2.0,0.0
-0.5842186212539673,-1.5503674745559692,2.0,2.0,0.0
1.0404597520828247,-9.547138214111328,1.0,1.0,2.0
1.073128581047058,-4.171696662902832,2.0,2.0,2.0
1.1353631019592285,12.951424598693848,0.0,0.0,1.0
-1.4676387310028076,-4.36452579498291,2.0,2.0,1.0
3.0015196800231934,9.955060958862305,0.0,0.0,0.0
0.49034610390663147,1.756700038909912,2.0,2.0,1.0
3.0466136932373047,8.733954429626465,0.0,0.0,2.0
1.1343599557876587,11.089859962463379,0.0,0.0,2.0
-3.0343923568725586,-9.879575729370117,1.0,1.0,0.0
-0.20985209941864014,4.219274044036865,2.0,2.0,2.0
2.0288262367248535,-4.917089462280273,2.0,2.0,0.0
-1.565663456916809,1.3055360317230225,2.0,2.0,0.0
-0.27742359042167664,-0.8137832880020142,2.0,2.0,2.0
1.0185397863388062,8.31727123260498,0.0,0.0,2.0
2.5505518913269043,11.880370140075684,0.0,0.0,2.0
-1.194467544555664,-12.576258659362793,1.0,1.0,0.0
1.043742299079895,-2.3146183490753174,2.0,2.0,1.0
1.2832081317901611,13.371771812438965,0.0,0.0,1.0
1.075286626815796,4.875912666320801,0.0,0.0,0.0
-0.08175018429756165,3.235257863998413,2.0,2.0,0.0
0.9340330362319946,-8.573695182800293,1.0,1.0,0.0
0.48315832018852234,-12.09302806854248,1.0,1.0,1.0
0.9740402698516846,7.486335754394531,0.0,0.0,2.0
2.560244560241699,12.716160774230957,0.0,0.0,0.0
2.467681884765625,3.578275680541992,2.0,0.0,0.0
1.3385626077651978,8.555643081665039,0.0,0.0,0.0
0.7879819869995117,-6.636830806732178,1.0,2.0,0.0
-1.2471779584884644,-10.459473609924316,1.0,1.0,1.0
-0.5695565342903137,-4.652914524078369,2.0,2.0,1.0
-2.7286219596862793,-7.5494842529296875,1.0,1.0,0.0
-1.7370984554290771,-11.250699043273926,1.0,1.0,2.0
0.20211899280548096,-11.834200859069824,1.0,1.0,2.0
-0.5287806391716003,-7.362171173095703,1.0,1.0,1.0
-1.3311824798583984,-8.659955978393555,1.0,1.0,1.0
1.2835819721221924,1.9807292222976685,2.0,2.0,0.0
-2.6523280143737793,-11.93998908996582,1.0,1.0,0.0
2.5303752422332764,12.026288986206055,0.0,0.0,0.0
-0.05859007686376572,-0.900087833404541,2.0,2.0,1.0
0.8934410810470581,10.45555591583252,0.0,0.0,0.0
0.7645162343978882,12.96876335144043,0.0,0.0,2.0
-1.0253444910049438,-2.4064087867736816,2.0,2.0,2.0
-0.5921295881271362,-11.314672470092773,1.0,1.0,0.0
2.0299999713897705,13.199410438537598,0.0,0.0,0.0
-1.3286160230636597,2.556624174118042,2.0,2.0,2.0
3.0140323638916016,9.291741371154785,0.0,0.0,2.0
-1.1535063982009888,-8.03508186340332,1.0,1.0,2.0
1.146086573600769,3.3018715381622314,2.0,2.0,0.0
-1.2299749851226807,-10.489591598510742,1.0,1.0,2.0
-1.938604712486267,-9.799144744873047,1.0,1.0,1.0
-1.2523095607757568,-3.364316940307617,2.0,2.0,0.0
2.9517247676849365,12.358297348022461,0.0,0.0,0.0
0.63965904712677,-11.82454776763916,1.0,1.0,0.0
-1.3650389909744263,1.5868932008743286,2.0,2.0,2.0
2.2520689964294434,-3.409183979034424,2.0,2.0,2.0
1.3187570571899414,13.606795310974121,0.0,0.0,2.0
-1.1696431636810303,-5.298337459564209,1.0,1.0,2.0
0.09330122172832489,-12.562572479248047,1.0,1.0,1.0
-2.406165599822998,-9.149596214294434,1.0,1.0,0.0
1.2326191663742065,2.3414011001586914,2.0,2.0,0.0
0.35391852259635925,9.491218566894531,0.0,0.0,0.0
1.4515036344528198,11.134675979614258,0.0,0.0,2.0
2.351289987564087,10.682194709777832,0.0,0.0,2.0
-0.6463779807090759,3.004490375518799,2.0,2.0,2.0
-1.5736645460128784,1.7452343702316284,2.0,2.0,2.0
0.07217317819595337,-9.216373443603516,1.0,1.0,2.0
2.6149091720581055,8.01152515411377,0.0,0.0,2.0
1.2835822105407715,1.9807294607162476,2.0,2.0,2.0
-2.357491970062256,-7.58897066116333,1.0,1.0,0.0
-0.10111896693706512,-7.579526424407959,1.0,1.0,0.0
2.33451247215271,12.760967254638672,0.0,0.0,2.0
-1.7050154209136963,-8.50770378112793,1.0,1.0,1.0
1.2085356712341309,-0.2250402718782425,2.0,2.0,0.0
-0.6697578430175781,-8.158763885498047,1.0,1.0,1.0
-1.1357358694076538,-11.836443901062012,1.0,1.0,0.0
0.22168946266174316,11.285738945007324,0.0,0.0,0.0
-1.8260217905044556,-9.213332176208496,1.0,1.0,1.0
2.240149736404419,11.391705513000488,0.0,0.0,0.0
0.2453257143497467,6.903378009796143,0.0,0.0,1.0
-0.4750387966632843,-3.8730602264404297,2.0,2.0,2.0
1.9575613737106323,11.375214576721191,0.0,0.0,2.0
1.769624948501587,11.094990730285645,0.0,0.0,0.0
0.48340359330177307,-10.683111190795898,1.0,1.0,0.0
0.4671476185321808,3.473623275756836,2.0,2.0,1.0
-1.7611163854599,-11.647756576538086,1.0,1.0,1.0
0.16224674880504608,-4.148831844329834,2.0,2.0,2.0
1.2728348970413208,6.62734317779541,0.0,0.0,2.0
0.09426620602607727,-4.046993732452393,2.0,2.0,1.0
0.8309338688850403,-5.686230659484863,1.0,2.0,2.0
1.9622304439544678,3.597543239593506,2.0,0.0,0.0
-0.38187435269355774,-1.6703263521194458,2.0,2.0,1.0
1.450892686843872,13.776646614074707,0.0,0.0,0.0
3.473414897918701,10.190567970275879,0.0,0.0,2.0
-0.32276076078414917,-6.374626159667969,1.0,1.0,0.0
1.1771069765090942,7.724736213684082,0.0,0.0,1.0
-2.006223440170288,-10.290017127990723,1.0,1.0,1.0
-1.0516282320022583,-2.3312437534332275,2.0,2.0,0.0
-1.7305530309677124,-4.489750385284424,2.0,2.0,0.0
-1.2475836277008057,-11.03982162475586,1.0,1.0,1.0
1.7394853830337524,7.143749713897705,0.0,0.0,0.0
-1.7884714603424072,1.803123116493225,2.0,2.0,0.0
-1.2078421115875244,0.8946900963783264,2.0,2.0,2.0
0.6632060408592224,12.592055320739746,0.0,0.0,0.0
1.2816407680511475,-4.471014499664307,2.0,2.0,2.0
1.8789494037628174,11.58535099029541,0.0,0.0,2.0
-0.11369828879833221,7.53635835647583,0.0,0.0,0.0
1.3902887105941772,10.340097427368164,0.0,0.0,0.0
-1.2979419231414795,-8.686857223510742,1.0,1.0,1.0
2.633317232131958,12.118693351745605,0.0,0.0,0.0
0.16224674880504608,-4.148832321166992,2.0,2.0,2.0
3.4725801944732666,8.613473892211914,0.0,0.0,2.0
1.6305598020553589,-6.159589767456055,1.0,2.0,0.0
-0.4316995441913605,-4.678757667541504,2.0,2.0,2.0
0.37297743558883667,2.165471076965332,2.0,2.0,2.0
1.5298852920532227,-1.151331901550293,2.0,2.0,0.0
0.942755401134491,12.95158863067627,0.0,0.0,2.0
1.71632981300354,12.190735816955566,0.0,0.0,2.0
1.9693942070007324,6.8598551750183105,0.0,0.0,2.0
-0.9827252626419067,-4.598404407501221,2.0,2.0,0.0
1.1694332361221313,12.10546875,0.0,0.0,0.0
1.6513495445251465,7.872969627380371,0.0,0.0,1.0
0.44360214471817017,11.304427146911621,0.0,0.0,0.0
2.308469772338867,-0.40266740322113037,2.0,2.0,0.0
-0.14626461267471313,2.656543254852295,2.0,2.0,2.0
1.5959692001342773,-3.5229079723358154,2.0,2.0,1.0
0.22347629070281982,10.353314399719238,0.0,0.0,1.0
2.403095006942749,9.023603439331055,0.0,0.0,0.0
0.09316343814134598,8.36739444732666,0.0,0.0,2.0
0.31105944514274597,1.0866988897323608,2.0,2.0,2.0
-2.5117640495300293,-8.331604957580566,1.0,1.0,0.0
-2.386077642440796,-11.255059242248535,1.0,1.0,2.0
-2.1287176609039307,-11.912323951721191,1.0,1.0,1.0
-0.2786022126674652,-8.313199043273926,1.0,1.0,1.0
0.36387869715690613,6.6641411781311035,0.0,0.0,0.0
2.6896839141845703,10.449652671813965,0.0,0.0,0.0
2.2072389125823975,6.848189353942871,0.0,0.0,0.0
1.9861679077148438,9.428714752197266,0.0,0.0,2.0
-0.7043501138687134,-2.5873570442199707,2.0,2.0,0.0
1.8032883405685425,5.652569770812988,0.0,0.0,1.0
-0.3438236117362976,-12.698446273803711,1.0,1.0,0.0
-2.4247727394104004,-5.527801036834717,1.0,1.0,0.0
0.1049511730670929,8.569892883300781,0.0,0.0,0.0
-0.23126064240932465,-10.77070426940918,1.0,1.0,1.0
1.8634463548660278,-7.083389759063721,1.0,2.0,0.0
-0.1368677169084549,-0.3897393047809601,2.0,2.0,1.0
-1.6245616674423218,-3.214979410171509,2.0,2.0,0.0
1.1008597612380981,10.463807106018066,0.0,0.0,0.0
2.0389487743377686,12.274479866027832,0.0,0.0,0.0
-1.7986966371536255,-2.245046854019165,2.0,2.0,0.0
-1.166989803314209,-9.949633598327637,1.0,1.0,0.0
-1.0562471151351929,-4.483030796051025,2.0,2.0,2.0
2.013935089111328,5.498604774475098,0.0,0.0,0.0
1.6211493015289307,3.0810487270355225,2.0,2.0,0.0
-0.8347593545913696,-10.568280220031738,1.0,1.0,1.0
2.845182180404663,6.728594779968262,0.0,0.0,1.0
0.6192103624343872,11.266526222229004,0.0,0.0,1.0
3.2017104625701904,5.976935386657715,0.0,0.0,2.0
1.4793745279312134,13.348217010498047,0.0,0.0,0.0
-0.36572977900505066,-11.996970176696777,1.0,1.0,1.0
0.19038425385951996,8.38615894317627,0.0,0.0,2.0
0.06571734696626663,0.14000622928142548,2.0,2.0,2.0
1.8701978921890259,12.288432121276855,0.0,0.0,0.0
1.1353628635406494,12.951424598693848,0.0,0.0,2.0
-2.754568338394165,-11.467626571655273,1.0,1.0,0.0
0.007716478779911995,5.343613147735596,0.0,2.0,2.0
3.651506185531616,6.336709976196289,0.0,0.0,0.0
0.6029079556465149,-3.680107831954956,2.0,2.0,1.0
1.6639422178268433,-5.265665054321289,2.0,2.0,1.0
-1.5163209438323975,-4.375466346740723,2.0,2.0,2.0
1.476845145225525,6.9725117683410645,0.0,0.0,1.0
0.6972445845603943,6.024534225463867,0.0,0.0,0.0
2.2692835330963135,9.588897705078125,0.0,0.0,2.0
0.7763931155204773,-2.3378257751464844,2.0,2.0,2.0
1.9622304439544678,3.597543239593506,2.0,0.0,0.0
-0.46041083335876465,-4.726699352264404,2.0,2.0,1.0
2.0718472003936768,-2.439556360244751,2.0,2.0,1.0
-2.8296873569488525,-10.344327926635742,1.0,1.0,1.0
3.679222583770752,7.8397955894470215,0.0,0.0,0.0
-2.460758686065674,-12.012038230895996,1.0,1.0,0.0
0.3944377899169922,-11.809588432312012,1.0,1.0,0.0
-0.44662073254585266,-9.669690132141113,1.0,1.0,2.0
2.2300782203674316,4.566540718078613,0.0,0.0,0.0
3.8180556297302246,7.101748943328857,0.0,0.0,1.0
2.619652032852173,11.349193572998047,0.0,0.0,2.0
1.622312068939209,8.490262985229492,0.0,0.0,2.0
0.22420987486839294,1.1521408557891846,2.0,2.0,2.0
-2.5885088443756104,-10.695320129394531,1.0,1.0,0.0
2.2511332035064697,12.710464477539062,0.0,0.0,0.0
-1.763628602027893,-11.854656219482422,1.0,1.0,0.0
-1.695784330368042,2.4241771697998047,2.0,2.0,0.0
-0.32548975944519043,-0.7267357707023621,2.0,2.0,2.0
-0.032270580530166626,1.7501072883605957,2.0,2.0,2.0
-0.8846523761749268,-6.2741289138793945,1.0,1.0,1.0
2.7555274963378906,5.49639892578125,0.0,0.0,0.0
0.375875324010849,5.935568332672119,0.0,0.0,0.0
-0.8338227868080139,-2.5040862560272217,2.0,2.0,2.0
0.7818965315818787,-1.0762594938278198,2.0,2.0,1.0
-0.8769357800483704,-10.13891315460205,1.0,1.0,2.0
-2.4018747806549072,-10.289446830749512,1.0,1.0,0.0
0.6809586882591248,10.1957426071167,0.0,0.0,0.0
0.04615660384297371,-0.9494965076446533,2.0,2.0,1.0
-1.8136130571365356,-6.95019006729126,1.0,1.0,2.0
1.764793872833252,2.3484995365142822,2.0,2.0,1.0
2.0430431365966797,11.943987846374512,0.0,0.0,0.0
1.3336623907089233,6.65251350402832,0.0,0.0,0.0
-1.9195373058319092,-12.425939559936523,1.0,1.0,0.0
-0.2574443221092224,2.392460823059082,2.0,2.0,0.0
2.320590019226074,-5.110905647277832,2.0,2.0,2.0
1.3717283010482788,-1.1929740905761719,2.0,2.0,2.0
1.2323224544525146,10.474222183227539,0.0,0.0,2.0
1.3169975280761719,5.647210121154785,0.0,0.0,1.0
1.005050539970398,8.672952651977539,0.0,0.0,0.0
0.9875612854957581,1.004699945449829,2.0,2.0,0.0
1.860048770904541,-2.9894888401031494,2.0,2.0,1.0
1.3263293504714966,12.557002067565918,0.0,0.0,2.0
1.451842188835144,-0.9881433844566345,2.0,2.0,0.0
0.2580775022506714,0.2635689675807953,2.0,2.0,1.0
-0.6560636162757874,-2.6532349586486816,2.0,2.0,1.0
1.2716397047042847,4.55192232131958,0.0,0.0,2.0
-0.41761621832847595,-5.600860595703125,1.0,2.0,2.0
-1.2678532600402832,-3.2930729389190674,2.0,2.0,0.0
-0.08175026625394821,3.235257625579834,2.0,2.0,2.0
-0.23673227429389954,-3.6656112670898438,2.0,2.0,1.0
1.7645807266235352,8.538952827453613,0.0,0.0,0.0
0.6192102432250977,11.266526222229004,0.0,0.0,1.0
0.040494680404663086,0.5107610821723938,2.0,2.0,1.0
-1.4370324611663818,-9.268143653869629,1.0,1.0,1.0
3.5201547145843506,11.08630084991455,0.0,0.0,2.0
0.6374015212059021,-12.455904960632324,1.0,1.0,2.0
-2.4565837383270264,-3.4458658695220947,2.0,2.0,0.0
1.99678635597229,6.042961597442627,0.0,0.0,0.0
-0.41897252202033997,-3.87648606300354,2.0,2.0,2.0
-0.24004007875919342,-0.6996384859085083,2.0,2.0,0.0
0.23717139661312103,5.648566722869873,0.0,0.0,0.0
-1.85338294506073,-12.346668243408203,1.0,1.0,0.0
-0.8784701228141785,-11.057171821594238,1.0,1.0,0.0
-1.1354763507843018,-8.023590087890625,1.0,1.0,1.0
-2.222400426864624,-6.787126541137695,1.0,1.0,0.0
-1.0050867795944214,-9.418107032775879,1.0,1.0,2.0
2.520779848098755,11.808074951171875,0.0,0.0,0.0
-0.5916996598243713,-12.029346466064453,1.0,1.0,1.0
-0.462744802236557,-12.215582847595215,1.0,1.0,0.0
2.413771390914917,8.153355598449707,0.0,0.0,0.0
-2.491440534591675,-10.902658462524414,1.0,1.0,2.0
-2.63881778717041,-5.1502814292907715,1.0,1.0,0.0
3.1300134658813477,7.532811164855957,0.0,0.0,0.0
2.223877191543579,2.3393714427948,2.0,2.0,0.0
-1.1687778234481812,-5.305964946746826,1.0,1.0,1.0
0.8601974844932556,7.057126998901367,0.0,0.0,1.0
0.3311755657196045,-12.114166259765625,1.0,1.0,1.0
-0.15451201796531677,1.8261224031448364,2.0,2.0,2.0
0.2798396348953247,-1.1832859516143799,2.0,2.0,2.0
-0.377767950296402,-12.304195404052734,1.0,1.0,0.0
0.022894611582159996,1.9420603513717651,2.0,2.0,2.0
2.126587390899658,3.6091535091400146,2.0,0.0,0.0
-0.0381503701210022,-9.18591594696045,1.0,1.0,1.0
-1.6216028928756714,-7.787507057189941,1.0,1.0,0.0
1.1900831460952759,4.838117599487305,0.0,0.0,2.0
2.080357789993286,12.062460899353027,0.0,0.0,0.0
0.5417647361755371,5.894604206085205,0.0,0.0,1.0
0.5208733081817627,2.9360344409942627,2.0,2.0,2.0
1.4756478071212769,3.059805154800415,2.0,2.0,0.0
0.3524916172027588,-4.1954426765441895,2.0,2.0,1.0
1.1644295454025269,-1.5856682062149048,2.0,2.0,2.0
2.4610681533813477,8.74035930633545,0.0,0.0,0.0
0.8086633682250977,5.828519821166992,0.0,0.0,0.0
-2.728431463241577,-10.762469291687012,1.0,1.0,0.0
1.7341071367263794,13.36669635772705,0.0,0.0,2.0
0.028135262429714203,-2.991697311401367,2.0,2.0,2.0
1.4265209436416626,4.804990291595459,0.0,0.0,0.0
-1.7984113693237305,-11.995141983032227,1.0,1.0,0.0
2.4525320529937744,6.668208599090576,0.0,0.0,0.0
1.239015817642212,-6.084310531616211,1.0,2.0,0.0
1.918670654296875,9.294415473937988,0.0,0.0,2.0
2.5457701683044434,10.870833396911621,0.0,0.0,0.0
1.011257529258728,-3.3999009132385254,2.0,2.0,1.0
2.191807746887207,7.939306735992432,0.0,0.0,2.0
-0.7769749164581299,-6.4302568435668945,1.0,1.0,1.0
-0.13378894329071045,-2.9307610988616943,2.0,2.0,1.0
0.5750383138656616,-1.98014235496521,2.0,2.0,2.0
-1.6793947219848633,-5.228579044342041,1.0,1.0,1.0
-0.279283732175827,-3.891413688659668,2.0,2.0,2.0
0.8312972784042358,-5.885162830352783,1.0,2.0,0.0
0.36694008111953735,8.429155349731445,0.0,0.0,0.0
0.9559659361839294,-6.6436686515808105,1.0,2.0,2.0
1.1688883304595947,9.56828784942627,0.0,0.0,0.0
1.1889418363571167,13.050980567932129,0.0,0.0,0.0
1.0125558376312256,8.13217830657959,0.0,0.0,2.0
1.3026454448699951,3.1333348751068115,2.0,2.0,2.0
-1.5437949895858765,-10.5754976272583,1.0,1.0,1.0
1.0868358612060547,13.546709060668945,0.0,0.0,1.0
-1.152164340019226,-9.957558631896973,1.0,1.0,2.0
0.49977314472198486,7.011508941650391,0.0,0.0,0.0
3.431471824645996,8.045513153076172,0.0,0.0,0.0
-0.5826057195663452,-11.099845886230469,1.0,1.0,1.0
-0.02122526615858078,-1.7399474382400513,2.0,2.0,1.0
0.9827396273612976,3.7156875133514404,2.0,2.0,1.0
-0.852746844291687,-9.520500183105469,1.0,1.0,1.0
-2.3927900791168213,-7.510895252227783,1.0,1.0,0.0
1.7926567792892456,12.045846939086914,0.0,0.0,2.0
1.3589518070220947,11.31505012512207,0.0,0.0,0.0
-0.09368002414703369,-5.6531291007995605,1.0,2.0,2.0
1.310156226158142,13.02055835723877,0.0,0.0,0.0
-1.8108407258987427,-9.231289863586426,1.0,1.0,0.0
1.6314332485198975,13.050787925720215,0.0,0.0,2.0
-0.13827365636825562,4.470961093902588,0.0,2.0,1.0
2.500842571258545,13.138827323913574,0.0,0.0,0.0
-0.27597516775131226,-0.6520482301712036,2.0,2.0,2.0
0.19038458168506622,8.386056900024414,0.0,0.0,1.0
-0.11455021053552628,-0.8528615236282349,2.0,2.0,2.0
2.266615390777588,-3.4939138889312744,2.0,2.0,2.0
1.8002972602844238,-4.614941120147705,2.0,2.0,0.0
-0.24620558321475983,-5.620357036590576,1.0,2.0,0.0
1.1416624784469604,3.3666303157806396,2.0,2.0,1.0
1.4039702415466309,9.507353782653809,0.0,0.0,2.0
0.24590559303760529,7.258185863494873,0.0,0.0,1.0
1.449185848236084,10.30705451965332,0.0,0.0,0.0
-1.725834608078003,-8.545260429382324,1.0,1.0,1.0
3.316150426864624,9.455456733703613,0.0,0.0,0.0
-2.697669267654419,-10.719263076782227,1.0,1.0,0.0
-0.314261794090271,-2.662614583969116,2.0,2.0,2.0
-1.0147055387496948,3.496943950653076,2.0,2.0,2.0
0.16005630791187286,-0.924534797668457,2.0,2.0,1.0
2.9498188495635986,10.755635261535645,0.0,0.0,0.0
-1.7175300121307373,-11.371509552001953,1.0,1.0,2.0
1.506279468536377,11.148984909057617,0.0,0.0,0.0
-0.4113028049468994,1.1060376167297363,2.0,2.0,0.0
0.8397442698478699,-1.4858651161193848,2.0,2.0,2.0
1.7869428396224976,11.002516746520996,0.0,0.0,2.0
1.9662930965423584,13.017163276672363,0.0,0.0,0.0
-1.7067513465881348,-6.150463581085205,1.0,1.0,2.0
0.668785035610199,-4.105978488922119,2.0,2.0,0.0
2.8537678718566895,7.596275329589844,0.0,0.0,2.0
-1.7729620933532715,-11.612736701965332,1.0,1.0,1.0
-2.1834869384765625,-3.4359169006347656,2.0,2.0,0.0
1.937436819076538,6.033026695251465,0.0,0.0,2.0
-1.2366745471954346,-5.312270164489746,1.0,1.0,1.0
1.6101864576339722,12.511000633239746,0.0,0.0,0.0
2.5642337799072266,8.096327781677246,0.0,0.0,2.0
0.3335699737071991,-6.591577053070068,1.0,2.0,1.0
2.2511332035064697,12.710464477539062,0.0,0.0,0.0
0.5484315752983093,2.071312427520752,2.0,2.0,2.0
1.1383683681488037,2.222476005554199,2.0,2.0,2.0
2.157738208770752,6.009912967681885,0.0,0.0,0.0
1.7255043983459473,-4.626725673675537,2.0,2.0,2.0
1.0641666650772095,2.2382774353027344,2.0,2.0,1.0
-1.1761112213134766,-1.4714585542678833,2.0,2.0,0.0
1.9068289995193481,12.051164627075195,0.0,0.0,2.0
-0.5673851370811462,4.321935176849365,2.0,2.0,0.0
-0.42485275864601135,-10.671229362487793,1.0,1.0,1.0
-0.7452074885368347,-5.422760963439941,1.0,2.0,1.0
-0.5668373703956604,-4.661768913269043,2.0,2.0,1.0
-2.6033716201782227,-11.818674087524414,1.0,1.0,0.0
1.5756536722183228,-7.95685338973999,1.0,2.0,0.0
-2.326650619506836,-6.031184673309326,1.0,1.0,0.0
2.4120168685913086,3.572129249572754,2.0,0.0,2.0
-0.7435295581817627,-5.433960437774658,1.0,2.0,1.0
0.5685433745384216,-3.729879140853882,2.0,2.0,1.0
2.7028913497924805,10.331268310546875,0.0,0.0,2.0
1.969391942024231,6.859936237335205,0.0,0.0,2.0
-0.36641591787338257,-8.33841609954834,1.0,1.0,1.0
-1.376714825630188,1.9037253856658936,2.0,2.0,2.0
1.6147629022598267,10.547383308410645,0.0,0.0,2.0
0.3565255403518677,1.9467518329620361,2.0,2.0,2.0
-0.6710084080696106,3.588170289993286,2.0,2.0,0.0
1.9251197576522827,-3.9909169673919678,2.0,2.0,0.0
-0.5179776549339294,-11.438915252685547,1.0,1.0,0.0
0.43539148569107056,3.6481103897094727,2.0,2.0,2.0
-2.719890832901001,-12.238842010498047,1.0,1.0,0.0
-2.8266351222991943,-10.812982559204102,1.0,1.0,0.0
-1.1307862997055054,-12.201098442077637,1.0,1.0,1.0
-1.0357505083084106,-4.508754730224609,2.0,2.0,1.0
3.6567513942718506,6.246836185455322,0.0,0.0,2.0
0.8895136713981628,-1.934979796409607,2.0,2.0,2.0
-2.030132532119751,-10.816969871520996,1.0,1.0,1.0
0.3098386228084564,-11.428182601928711,1.0,1.0,1.0
-1.169635534286499,-5.298332214355469,1.0,1.0,2.0
1.3409944772720337,11.874398231506348,0.0,0.0,2.0
0.7006938457489014,-11.524482727050781,1.0,1.0,0.0
-2.7192583084106445,-10.312335014343262,1.0,1.0,0.0
-0.8922781944274902,1.733672857284546,2.0,2.0,0.0
2.2303147315979004,8.56739330291748,0.0,0.0,0.0
1.309242606163025,5.901730537414551,0.0,0.0,2.0
0.1826256364583969,7.705611228942871,0.0,0.0,0.0
0.8052749037742615,-1.7034894227981567,2.0,2.0,0.0
-1.5289709568023682,-7.86728048324585,1.0,1.0,1.0
-1.505350112915039,3.0860610008239746,2.0,2.0,2.0
-0.12964174151420593,-1.7246357202529907,2.0,2.0,1.0
2.1305789947509766,10.336697578430176,0.0,0.0,0.0
0.07175488024950027,-6.459056377410889,1.0,2.0,0.0
-2.054499626159668,-10.824392318725586,1.0,1.0,0.0
-0.3291093111038208,-6.587409973144531,1.0,1.0,1.0
-0.6560637950897217,-2.65323543548584,2.0,2.0,2.0
-1.8260794878005981,-9.213168144226074,1.0,1.0,0.0
0.37873217463493347,0.41166502237319946,2.0,2.0,0.0
1.1501363515853882,10.344815254211426,0.0,0.0,2.0
-1.3109509944915771,-12.10331916809082,1.0,1.0,0.0
2.356341600418091,-5.113335132598877,2.0,2.0,1.0
3.783276319503784,8.262767791748047,0.0,0.0,2.0
0.0005424343980848789,5.12905216217041,0.0,2.0,0.0
1.8469414710998535,12.55405330657959,0.0,0.0,0.0
0.9399200677871704,12.974995613098145,0.0,0.0,2.0
-2.3095483779907227,-12.033568382263184,1.0,1.0,0.0
0.4299473762512207,9.462492942810059,0.0,0.0,2.0
-2.1137540340423584,-11.940814971923828,1.0,1.0,0.0
-1.5942611694335938,-5.254316806793213,1.0,1.0,0.0
0.2719070017337799,10.593263626098633,0.0,0.0,0.0
-1.1584343910217285,-9.94105052947998,1.0,1.0,2.0
1.3383543491363525,11.958849906921387,0.0,0.0,0.0
1.6434524059295654,-2.1104133129119873,2.0,2.0,1.0
0.5015525817871094,11.22817325592041,0.0,0.0,2.0
3.354248523712158,7.494964599609375,0.0,0.0,0.0
-2.463942289352417,-6.910403728485107,1.0,1.0,2.0
-1.2321019172668457,-11.613614082336426,1.0,1.0,2.0
1.5131486654281616,11.105659484863281,0.0,0.0,0.0
-1.1019424200057983,-5.528477668762207,1.0,1.0,2.0
1.1347490549087524,10.489534378051758,0.0,0.0,0.0
-0.9051791429519653,1.6278003454208374,2.0,2.0,1.0
-0.9824370741844177,2.6356067657470703,2.0,2.0,2.0
-1.418870210647583,-7.125051975250244,1.0,1.0,2.0
4.072963237762451,8.521429061889648,0.0,0.0,1.0
0.6292375922203064,4.871432304382324,0.0,0.0,2.0
-1.7984113693237305,-11.995141983032227,1.0,1.0,1.0
0.20159462094306946,-5.911923408508301,1.0,2.0,2.0
3.4506351947784424,8.361031532287598,0.0,0.0,0.0
1.4980928897857666,11.283095359802246,0.0,0.0,1.0
-0.6229565739631653,-1.4808944463729858,2.0,2.0,1.0
-2.6555581092834473,-11.887288093566895,1.0,1.0,0.0
-0.566746711730957,-7.44285249710083,1.0,1.0,1.0
0.43375465273857117,11.403584480285645,0.0,0.0,0.0
1.4777448177337646,-5.1844801902771,2.0,2.0,0.0
2.0908734798431396,0.011816756799817085,2.0,2.0,0.0
0.10437368601560593,0.14643599092960358,2.0,2.0,2.0
3.027695894241333,10.327740669250488,0.0,0.0,2.0
3.8146207332611084,7.949990272521973,0.0,0.0,1.0
0.49891796708106995,0.5906651616096497,2.0,2.0,1.0
0.5901290774345398,9.539254188537598,0.0,0.0,1.0
1.7538352012634277,9.276206970214844,0.0,0.0,0.0
-2.0353164672851562,-6.090773105621338,1.0,1.0,0.0
-1.62248957157135,-10.377134323120117,1.0,1.0,1.0
-2.6427037715911865,-10.390934944152832,1.0,1.0,1.0
0.8553952574729919,7.281179904937744,0.0,0.0,0.0
-2.7400174140930176,-11.157167434692383,1.0,1.0,0.0
0.5938650369644165,4.080173015594482,2.0,2.0,2.0
-0.715195894241333,-1.4522570371627808,2.0,2.0,0.0
-0.38440844416618347,-10.317883491516113,1.0,1.0,0.0
2.229783535003662,13.207077026367188,0.0,0.0,0.0
0.6240624785423279,4.89764404296875,0.0,0.0,1.0
-1.8689638376235962,-12.238107681274414,1.0,1.0,0.0
1.637481451034546,8.071233749389648,0.0,0.0,2.0
0.7238894104957581,11.955222129821777,0.0,0.0,2.0
1.8088210821151733,0.418213427066803,2.0,2.0,0.0
2.6914827823638916,12.243162155151367,0.0,0.0,2.0
-0.48333731293678284,-1.549666404724121,2.0,2.0,0.0
3.457460403442383,9.206809043884277,0.0,0.0,2.0
-1.5412319898605347,-4.2701096534729,2.0,2.0,0.0
-2.16228985786438,-10.962592124938965,1.0,1.0,2.0
0.6005605459213257,2.9954371452331543,2.0,2.0,1.0
2.0133659839630127,13.129813194274902,0.0,0.0,2.0
-0.7311604619026184,-9.554450035095215,1.0,1.0,0.0
0.1293230950832367,-2.8422048091888428,2.0,2.0,1.0
-0.39728617668151855,-5.599094867706299,1.0,2.0,2.0
1.9693955183029175,6.859854221343994,0.0,0.0,0.0
0.65470951795578,0.4704572260379791,2.0,2.0,2.0
-0.6419848203659058,0.9138141870498657,2.0,2.0,0.0
-2.0462679862976074,-8.623350143432617,1.0,1.0,0.0
0.9752863645553589,11.254830360412598,0.0,0.0,2.0
1.4683458805084229,13.03279972076416,0.0,0.0,2.0
-0.2437501847743988,-1.7147635221481323,2.0,2.0,1.0
0.16316795349121094,7.352057933807373,0.0,0.0,0.0
-0.4808191657066345,-8.985442161560059,1.0,1.0,1.0
-0.07996517419815063,-0.7447488307952881,2.0,2.0,1.0
0.581602931022644,8.178897857666016,0.0,0.0,2.0
0.28220173716545105,-9.887907981872559,1.0,1.0,1.0
2.798520803451538,8.806014060974121,0.0,0.0,1.0
1.6453418731689453,6.8591485023498535,0.0,0.0,1.0
-0.17147818207740784,-9.721562385559082,1.0,1.0,2.0
0.4612573981285095,3.2920455932617188,2.0,2.0,0.0
1.3874495029449463,0.9296608567237854,2.0,2.0,1.0
0.1429917961359024,1.9307652711868286,2.0,2.0,0.0
-1.0279535055160522,-9.43447494506836,1.0,1.0,1.0
1.848824381828308,13.451316833496094,0.0,0.0,0.0
2.633317232131958,12.118693351745605,0.0,0.0,1.0
-0.11518561094999313,-11.45351505279541,1.0,1.0,0.0
1.2775079011917114,4.568865776062012,0.0,0.0,2.0
2.093442440032959,5.745039463043213,0.0,0.0,2.0
-1.357723355293274,-11.372054100036621,1.0,1.0,1.0
-1.1585344076156616,-9.941690444946289,1.0,1.0,1.0
4.208581924438477,9.156048774719238,0.0,0.0,0.0
0.7907514572143555,-8.686359405517578,1.0,1.0,0.0
1.0798524618148804,8.69676399230957,0.0,0.0,0.0
2.014294385910034,10.353599548339844,0.0,0.0,0.0
2.0360946655273438,-2.567809820175171,2.0,2.0,0.0
0.2886776030063629,-1.7102917432785034,2.0,2.0,2.0
0.7915751934051514,11.842134475708008,0.0,0.0,0.0
-0.8941488862037659,-8.845914840698242,1.0,1.0,2.0
-1.6743133068084717,-10.841340065002441,1.0,1.0,1.0
-0.5305994749069214,1.6760448217391968,2.0,2.0,1.0
-0.2122005671262741,3.824920177459717,2.0,2.0,2.0
0.950951337814331,-6.101973533630371,1.0,2.0,0.0
-0.6242530345916748,-5.484352111816406,1.0,2.0,0.0
-0.13641323149204254,1.8681002855300903,2.0,2.0,2.0
2.0192718505859375,-4.952465057373047,2.0,2.0,0.0
0.7441809773445129,9.558632850646973,0.0,0.0,1.0
-1.3226394653320312,-3.4469010829925537,2.0,2.0,2.0
0.5971698760986328,-10.710564613342285,1.0,1.0,0.0
1.8362263441085815,-2.1198537349700928,2.0,2.0,2.0
-0.9464699029922485,3.997389793395996,2.0,2.0,0.0
0.34972792863845825,-1.7065080404281616,2.0,2.0,0.0
1.2984858751296997,-3.6308603286743164,2.0,2.0,0.0
0.10614614933729172,-11.726341247558594,1.0,1.0,2.0
3.4306089878082275,6.821995258331299,0.0,0.0,2.0
3.462064504623413,9.197714805603027,0.0,0.0,0.0
0.3809247314929962,-10.597044944763184,1.0,1.0,0.0
0.020615162327885628,-6.7905683517456055,1.0,2.0,1.0
-0.23291072249412537,-12.469277381896973,1.0,1.0,0.0
-3.1057629585266113,-11.153671264648438,1.0,1.0,0.0
-0.9510095119476318,-12.567618370056152,1.0,1.0,0.0
1.9089138507843018,9.310260772705078,0.0,0.0,0.0
0.2538740634918213,9.42690372467041,0.0,0.0,1.0
0.12354329228401184,8.316097259521484,0.0,0.0,1.0
3.1331348419189453,11.73378849029541,0.0,0.0,0.0
1.1955180168151855,5.730957508087158,0.0,0.0,0.0
-1.7480425834655762,-11.708637237548828,1.0,1.0,2.0
1.7084097862243652,3.598055124282837,2.0,0.0,2.0
-0.8247540593147278,-8.88772964477539,1.0,1.0,1.0
-1.3483070135116577,-11.902643203735352,1.0,1.0,2.0
0.6103534698486328,-6.159801483154297,1.0,2.0,1.0
2.010375499725342,13.711334228515625,0.0,0.0,2.0
-0.7767989039421082,3.531702756881714,2.0,2.0,2.0
1.1957452297210693,10.498173713684082,0.0,0.0,2.0
1.784408450126648,3.5074918270111084,2.0,2.0,2.0
-2.0043985843658447,-5.213234901428223,1.0,1.0,0.0
0.9007371664047241,1.038134217262268,2.0,2.0,0.0
3.0765671730041504,8.858778953552246,0.0,0.0,0.0
-2.766855478286743,-11.468303680419922,1.0,1.0,0.0
-1.425962209701538,-7.047301292419434,1.0,1.0,1.0
-2.721745014190674,-6.559600830078125,1.0,1.0,0.0
1.2834186553955078,3.1057069301605225,2.0,2.0,2.0
-2.345533609390259,-4.40116024017334,2.0,1.0,0.0
-0.552588701248169,-6.324110984802246,1.0,1.0,0.0
-2.3173270225524902,-6.822298526763916,1.0,1.0,2.0
-1.8989160060882568,-7.711905479431152,1.0,1.0,2.0
-1.57725989818573,-10.435944557189941,1.0,1.0,2.0
2.1225898265838623,-6.728024959564209,1.0,2.0,2.0
-2.1683101654052734,-9.254097938537598,1.0,1.0,0.0
0.4299473762512207,9.462492942810059,0.0,0.0,2.0
2.7044126987457275,11.520059585571289,0.0,0.0,0.0
-0.7445533871650696,-10.053001403808594,1.0,1.0,1.0
1.655099868774414,8.263700485229492,0.0,0.0,2.0
0.8542543053627014,9.558292388916016,0.0,0.0,2.0
0.6991509199142456,-7.420361518859863,1.0,2.0,0.0
-1.1671062707901,-12.60101318359375,1.0,1.0,0.0
1.125173807144165,11.87532901763916,0.0,0.0,2.0
-3.0386364459991455,-10.802361488342285,1.0,1.0,0.0
-1.199042558670044,3.3545477390289307,2.0,2.0,2.0
-1.1488794088363647,-4.438113689422607,2.0,2.0,2.0
1.79160475730896,9.487377166748047,0.0,0.0,0.0
0.9664422273635864,11.942020416259766,0.0,0.0,0.0
0.5659831762313843,-5.172521591186523,2.0,2.0,2.0
-2.0353164672851562,-6.090773105621338,1.0,1.0,0.0
-0.6230286955833435,-12.523459434509277,1.0,1.0,0.0
-1.3865634202957153,-2.3330190181732178,2.0,2.0,0.0
-1.194467544555664,-12.576258659362793,1.0,1.0,0.0
-2.498394250869751,-11.964936256408691,1.0,1.0,0.0
2.798521041870117,8.806015014648438,0.0,0.0,0.0
-0.044133298099040985,-11.020212173461914,1.0,1.0,0.0
0.6549954414367676,-2.7018699645996094,2.0,2.0,2.0
0.08660048991441727,10.53343677520752,0.0,0.0,0.0
-3.130098342895508,-10.799538612365723,1.0,1.0,0.0
-0.41897252202033997,-3.87648606300354,2.0,2.0,1.0
-1.471614122390747,-12.470598220825195,1.0,1.0,0.0
0.3185146450996399,4.58098840713501,0.0,2.0,2.0
-2.6555581092834473,-11.887288093566895,1.0,1.0,0.0
0.04227403551340103,-0.9469364285469055,2.0,2.0,0.0
-0.5376755595207214,-0.06890890002250671,2.0,2.0,2.0
0.14339593052864075,-4.130367279052734,2.0,2.0,1.0
0.8127716779708862,-0.959732174873352,2.0,2.0,2.0
-1.5941123962402344,-7.901155948638916,1.0,1.0,2.0
-2.8562397956848145,-8.896671295166016,1.0,1.0,0.0
-1.0423067808151245,3.3702661991119385,2.0,2.0,2.0
1.884716510772705,8.486207008361816,0.0,0.0,1.0
1.1834911108016968,4.882859230041504,0.0,0.0,2.0
2.7115767002105713,8.792220115661621,0.0,0.0,2.0
-0.4113028049468994,1.1060376167297363,2.0,2.0,2.0
0.3280903697013855,5.660088539123535,0.0,0.0,1.0
1.4940744638442993,-1.0061455965042114,2.0,2.0,2.0
1.2408517599105835,-6.019923686981201,1.0,2.0,1.0
0.3930891752243042,10.199357986450195,0.0,0.0,0.0
1.1734155416488647,2.3537919521331787,2.0,2.0,0.0
-2.0273704528808594,-8.4308443069458,1.0,1.0,0.0
0.02813534252345562,-2.991697311401367,2.0,2.0,0.0
-1.8623405694961548,1.0417859554290771,2.0,2.0,0.0
-1.7669692039489746,-6.974681377410889,1.0,1.0,2.0
1.453794002532959,-4.315740585327148,2.0,2.0,2.0
1.0777487754821777,11.387106895446777,0.0,0.0,1.0
-2.114833354949951,-11.649566650390625,1.0,1.0,0.0
-1.8260217905044556,-9.213332176208496,1.0,1.0,1.0
1.8355854749679565,4.5349345207214355,0.0,0.0,1.0
3.0665478706359863,8.556830406188965,0.0,0.0,2.0
-3.186730146408081,-10.476566314697266,1.0,1.0,0.0
1.9867016077041626,1.277814269065857,2.0,2.0,0.0
0.6848210692405701,0.010941809974610806,2.0,2.0,0.0
-1.4594817161560059,-12.081103324890137,1.0,1.0,0.0
-3.0691285133361816,-11.57111644744873,1.0,1.0,0.0
2.0158333778381348,13.659460067749023,0.0,0.0,2.0
1.6758575439453125,11.849799156188965,0.0,0.0,2.0
1.7394856214523315,7.143749713897705,0.0,0.0,2.0
-1.3880192041397095,1.869099736213684,2.0,2.0,0.0
1.4250011444091797,13.821037292480469,0.0,0.0,0.0
-0.5699836611747742,-10.734621047973633,1.0,1.0,1.0
2.692922353744507,12.210304260253906,0.0,0.0,2.0
0.11017075926065445,-6.695411682128906,1.0,2.0,2.0
2.1285176277160645,5.648521900177002,0.0,0.0,0.0
-1.0851715803146362,-2.4258556365966797,2.0,2.0,0.0
2.2982301712036133,-6.302547454833984,1.0,2.0,2.0
-0.4702518582344055,-2.6592342853546143,2.0,2.0,0.0
3.183645725250244,7.8142619132995605,0.0,0.0,2.0
1.9158371686935425,4.639432907104492,0.0,0.0,2.0
-0.5600644946098328,1.1294629573822021,2.0,2.0,1.0
-1.9895071983337402,-10.321126937866211,1.0,1.0,0.0
-1.99343740940094,-10.306235313415527,1.0,1.0,1.0
-1.1488783359527588,-4.438121795654297,2.0,2.0,2.0
0.4686982333660126,2.917191982269287,2.0,2.0,2.0
-0.04388413205742836,-10.783873558044434,1.0,1.0,2.0
0.7477911710739136,0.03912656009197235,2.0,2.0,0.0
-0.8954269886016846,-8.82780647277832,1.0,1.0,1.0
1.4245824813842773,-4.405823230743408,2.0,2.0,2.0
-1.1249366998672485,-11.225008964538574,1.0,1.0,0.0
2.7546117305755615,4.677012920379639,0.0,0.0,1.0
0.84610515832901,10.48284912109375,0.0,0.0,1.0
0.7267844080924988,-10.178180694580078,1.0,1.0,0.0
0.9541045427322388,-2.322100877761841,2.0,2.0,1.0
1.624671220779419,-2.412790060043335,2.0,2.0,1.0
-1.305405855178833,-6.158496856689453,1.0,1.0,2.0
0.8402237296104431,0.635403037071228,2.0,2.0,0.0
0.43226978182792664,3.7112064361572266,2.0,2.0,2.0
0.5787502527236938,-1.915350317955017,2.0,2.0,2.0
1.2684553861618042,-10.45060920715332,1.0,1.0,0.0
1.4727833271026611,12.190618515014648,0.0,0.0,1.0
-1.0312755107879639,-2.444084882736206,2.0,2.0,2.0
-1.4094228744506836,-11.73316478729248,1.0,1.0,2.0
-2.2946059703826904,-6.79753303527832,1.0,1.0,0.0
-1.8263946771621704,-12.468283653259277,1.0,1.0,0.0
3.116722345352173,6.749268054962158,0.0,0.0,1.0
2.6986095905303955,10.392683029174805,0.0,0.0,2.0
1.643012523651123,-0.5120581984519958,2.0,2.0,0.0
1.454195261001587,5.704725742340088,0.0,0.0,1.0
0.7716030478477478,-8.085254669189453,1.0,1.0,0.0
-0.7783178687095642,-12.291492462158203,1.0,1.0,1.0
0.11045143008232117,-2.4219930171966553,2.0,2.0,1.0
3.4726333618164062,11.848360061645508,0.0,0.0,2.0
2.092010021209717,-7.323304176330566,1.0,2.0,0.0
2.2208423614501953,2.383850574493408,2.0,2.0,0.0
-0.8445436358451843,-11.116595268249512,1.0,1.0,1.0
1.1953063011169434,11.104476928710938,0.0,0.0,2.0
3.4574599266052246,9.206808090209961,0.0,0.0,2.0
0.37608662247657776,-12.345423698425293,1.0,1.0,0.0
0.22646425664424896,-1.8652353286743164,2.0,2.0,2.0
-0.5557991862297058,-9.574457168579102,1.0,1.0,1.0
2.251239776611328,7.822075366973877,0.0,0.0,2.0
0.6667700409889221,11.159408569335938,0.0,0.0,2.0
-2.380542039871216,-5.106473445892334,1.0,1.0,0.0
2.7288522720336914,12.204516410827637,0.0,0.0,2.0
0.80787193775177,12.13373851776123,0.0,0.0,0.0
1.5321420431137085,5.888647079467773,0.0,0.0,0.0
-2.0675113201141357,-6.884890079498291,1.0,1.0,0.0
-1.9637750387191772,-5.41144323348999,1.0,1.0,0.0
-1.6114388704299927,-3.269615411758423,2.0,2.0,0.0
1.1010454893112183,7.134759426116943,0.0,0.0,1.0
2.2539591789245605,12.678443908691406,0.0,0.0,0.0
2.926908493041992,11.320049285888672,0.0,0.0,2.0
-1.0661743879318237,-4.4409379959106445,2.0,2.0,1.0
-1.6324715614318848,1.8096156120300293,2.0,2.0,2.0
-1.0851712226867676,-2.4258553981781006,2.0,2.0,2.0
0.27976441383361816,8.516109466552734,0.0,0.0,0.0
1.749976634979248,10.336498260498047,0.0,0.0,1.0
0.526928186416626,4.391509532928467,0.0,2.0,1.0
1.4497746229171753,-6.833194732666016,1.0,2.0,1.0
0.23712937533855438,5.648569583892822,0.0,0.0,1.0
-1.5249501466751099,-9.920451164245605,1.0,1.0,0.0
1.9955343008041382,11.143742561340332,0.0,0.0,1.0
-1.722177267074585,-6.110202789306641,1.0,1.0,0.0
-1.0336161851882935,-11.409951210021973,1.0,1.0,0.0
0.0318676196038723,-0.3082566261291504,2.0,2.0,2.0
-0.4396844506263733,-2.624276876449585,2.0,2.0,1.0
0.9120596051216125,8.52859115600586,0.0,0.0,0.0
-2.566434383392334,-6.094161033630371,1.0,1.0,0.0
-1.8564289808273315,-6.10750150680542,1.0,1.0,2.0
-2.024702787399292,-10.787148475646973,1.0,1.0,2.0
-0.8339789509773254,-3.6634128093719482,2.0,2.0,2.0
0.37325161695480347,-7.514639377593994,1.0,1.0,0.0
1.187195062637329,1.914230465888977,2.0,2.0,2.0
0.5320066809654236,-1.7182371616363525,2.0,2.0,2.0
-3.038646697998047,-10.802453994750977,1.0,1.0,0.0
0.1631680428981781,7.352056980133057,0.0,0.0,0.0
-0.44502899050712585,-12.150625228881836,1.0,1.0,0.0
-0.5624909996986389,2.8236851692199707,2.0,2.0,2.0
1.9682294130325317,10.185639381408691,0.0,0.0,1.0
0.8900027275085449,0.13124042749404907,2.0,2.0,0.0
2.8716824054718018,12.539205551147461,0.0,0.0,2.0
1.5965782403945923,12.557690620422363,0.0,0.0,0.0
0.7500600218772888,10.306048393249512,0.0,0.0,2.0
1.3847579956054688,-3.8418996334075928,2.0,2.0,2.0
2.4182543754577637,-4.540328502655029,2.0,2.0,0.0
0.5487401485443115,1.9800212383270264,2.0,2.0,2.0
1.743634581565857,11.872504234313965,0.0,0.0,2.0
-0.5351823568344116,-4.650991439819336,2.0,2.0,0.0
0.3945137858390808,-2.8234212398529053,2.0,2.0,1.0
1.9461051225662231,-0.8617372512817383,2.0,2.0,0.0
1.1059179306030273,-1.5141584873199463,2.0,2.0,0.0
1.7177095413208008,10.19639778137207,0.0,0.0,2.0
-0.2739315330982208,-8.8628511428833,1.0,1.0,0.0
1.7474297285079956,4.6740241050720215,0.0,0.0,0.0
-1.009376883506775,-4.505133628845215,2.0,2.0,1.0
-2.2725632190704346,-12.52137279510498,1.0,1.0,0.0
0.3975145220756531,5.9317522048950195,0.0,0.0,2.0
1.149665117263794,-1.1319410800933838,2.0,2.0,2.0
-0.7680008411407471,4.631845951080322,0.0,2.0,1.0
-0.8558567762374878,-1.4804190397262573,2.0,2.0,1.0
2.8760828971862793,12.553133010864258,0.0,0.0,0.0
-0.5844093561172485,-4.662289142608643,2.0,2.0,1.0
1.9736603498458862,0.41239994764328003,2.0,2.0,0.0
-1.3809548616409302,-6.21534538269043,1.0,1.0,2.0
0.6678261756896973,12.508148193359375,0.0,0.0,0.0
0.52238529920578,10.545186996459961,0.0,0.0,1.0
0.8932568430900574,9.083902359008789,0.0,0.0,2.0
0.16316772997379303,7.352057933807373,0.0,0.0,0.0
2.212453603744507,10.346025466918945,0.0,0.0,0.0
-0.05427095666527748,-10.397456169128418,1.0,1.0,0.0
2.003793716430664,1.2886470556259155,2.0,2.0,0.0
2.401416063308716,3.5826058387756348,2.0,0.0,0.0
1.4554622173309326,13.601816177368164,0.0,0.0,2.0
0.6910345554351807,-2.618997812271118,2.0,2.0,0.0
-0.2004806101322174,-4.789988040924072,2.0,2.0,1.0
2.307413101196289,12.140419960021973,0.0,0.0,2.0
-1.0674649477005005,-2.339869976043701,2.0,2.0,0.0
1.51976478099823,9.628825187683105,0.0,0.0,1.0
1.072404384613037,1.0396134853363037,2.0,2.0,1.0
0.8180692195892334,-1.9650295972824097,2.0,2.0,2.0
0.48795926570892334,-10.054163932800293,1.0,1.0,0.0
0.2651175558567047,6.929657936096191,0.0,0.0,2.0
0.8930004239082336,-10.25298023223877,1.0,1.0,0.0
2.3404839038848877,7.412692546844482,0.0,0.0,1.0
0.35103076696395874,9.304906845092773,0.0,0.0,2.0
0.7658627033233643,-10.662393569946289,1.0,1.0,0.0
1.4197807312011719,-4.9768147468566895,2.0,2.0,2.0
0.3177723288536072,-6.581170082092285,1.0,2.0,1.0
2.845559597015381,7.873475074768066,0.0,0.0,0.0
3.0891776084899902,11.877982139587402,0.0,0.0,0.0
-0.5557991862297058,-9.574457168579102,1.0,1.0,1.0
-2.4410219192504883,-7.492993354797363,1.0,1.0,0.0
2.290649652481079,7.1286492347717285,0.0,0.0,2.0
-0.27597516775131226,-0.6520482301712036,2.0,2.0,2.0
0.8009365200996399,6.162008762359619,0.0,0.0,2.0
3.121039390563965,7.824334621429443,0.0,0.0,2.0
0.3131507337093353,-7.316813945770264,1.0,1.0,0.0
2.4102842807769775,9.469194412231445,0.0,0.0,0.0
0.8190452456474304,7.075274467468262,0.0,0.0,2.0
0.9364404082298279,0.9174622893333435,2.0,2.0,0.0
-1.0836631059646606,-11.808881759643555,1.0,1.0,1.0
-0.21472346782684326,5.1937384605407715,0.0,2.0,0.0
3.0755817890167236,11.554815292358398,0.0,0.0,0.0
2.3820436000823975,11.299120903015137,0.0,0.0,2.0
-0.17443649470806122,-2.4383087158203125,2.0,2.0,2.0
-1.6856985092163086,-5.346341609954834,1.0,1.0,0.0
-0.6415045261383057,-3.5091938972473145,2.0,2.0,1.0
1.2173141241073608,-9.845771789550781,1.0,1.0,0.0
3.331838607788086,7.343338966369629,0.0,0.0,2.0
-0.8997414708137512,-3.574033498764038,2.0,2.0,2.0
1.824030876159668,11.9775972366333,0.0,0.0,2.0
0.7353447079658508,1.662434458732605,2.0,2.0,2.0
-1.1927460432052612,-6.16772985458374,1.0,1.0,2.0
2.290649175643921,7.1286468505859375,0.0,0.0,0.0
0.5931353569030762,10.435636520385742,0.0,0.0,0.0
0.17996905744075775,-11.52820873260498,1.0,1.0,0.0
0.5269167423248291,11.333366394042969,0.0,0.0,0.0
-1.4778454303741455,-9.426467895507812,1.0,1.0,0.0
1.5232572555541992,-2.7605767250061035,2.0,2.0,2.0
1.653281569480896,1.0943630933761597,2.0,2.0,0.0
0.24901176989078522,4.730847358703613,0.0,2.0,0.0
1.4440183639526367,-5.129916191101074,2.0,2.0,2.0
1.750602126121521,2.158745765686035,2.0,2.0,2.0
-1.931359052658081,-9.811772346496582,1.0,1.0,2.0
1.1592128276824951,1.9875810146331787,2.0,2.0,2.0
1.2123240232467651,11.279338836669922,0.0,0.0,2.0
0.9157472252845764,10.483454704284668,0.0,0.0,1.0
0.17145131528377533,-10.408055305480957,1.0,1.0,2.0
-0.32548967003822327,-0.7267356514930725,2.0,2.0,2.0
0.8263356685638428,-8.646665573120117,1.0,1.0,0.0
1.4324555397033691,12.63779067993164,0.0,0.0,0.0
0.01754147931933403,0.30497652292251587,2.0,2.0,2.0
0.4759579598903656,-4.943116664886475,2.0,2.0,0.0
3.2064499855041504,8.664624214172363,0.0,0.0,0.0
-0.5802815556526184,-1.5252751111984253,2.0,2.0,2.0
1.6158663034439087,3.7069199085235596,2.0,0.0,0.0
0.3185143768787384,4.580987930297852,0.0,2.0,1.0
1.3271045684814453,2.4265449047088623,2.0,2.0,2.0
1.706578016281128,7.777740001678467,0.0,0.0,2.0
-0.1800774335861206,-0.8047382831573486,2.0,2.0,0.0
2.473400592803955,8.054755210876465,0.0,0.0,0.0
1.662766695022583,5.872298717498779,0.0,0.0,1.0
0.8919825553894043,3.8013904094696045,2.0,2.0,1.0
1.2309260368347168,11.958030700683594,0.0,0.0,0.0
-2.5187032222747803,-9.030912399291992,1.0,1.0,0.0
3.0425219535827637,8.743194580078125,0.0,0.0,0.0
1.121930480003357,7.962116718292236,0.0,0.0,0.0
1.1174287796020508,-0.9354565143585205,2.0,2.0,0.0
-0.16115790605545044,3.011702299118042,2.0,2.0,2.0
0.6266590356826782,8.552000999450684,0.0,0.0,0.0
-1.7258349657058716,-8.545260429382324,1.0,1.0,0.0
1.3073523044586182,-5.238675117492676,2.0,2.0,1.0
1.9612754583358765,4.470902442932129,0.0,0.0,0.0
0.7383580803871155,4.829718589782715,0.0,0.0,1.0
1.673473834991455,4.45084285736084,0.0,0.0,2.0
-2.5898196697235107,-6.813025951385498,1.0,1.0,0.0
0.0661303699016571,8.60578441619873,0.0,0.0,0.0
0.09707397222518921,-1.8581795692443848,2.0,2.0,2.0
-1.8226535320281982,-12.457517623901367,1.0,1.0,0.0
0.5205177068710327,5.889841556549072,0.0,0.0,1.0
-0.07015205919742584,0.22017405927181244,2.0,2.0,1.0
-1.015819787979126,-7.283259391784668,1.0,1.0,1.0
1.1171879768371582,-1.054791808128357,2.0,2.0,0.0
2.828986167907715,10.704056739807129,0.0,0.0,1.0
0.048527445644140244,1.8776705265045166,2.0,2.0,0.0
-0.0034206672571599483,-4.111024856567383,2.0,2.0,1.0
1.9475024938583374,1.2857613563537598,2.0,2.0,0.0
1.4559454917907715,-1.1151041984558105,2.0,2.0,2.0
-1.08125901222229,-8.00826644897461,1.0,1.0,1.0
1.8394664525985718,13.537155151367188,0.0,0.0,0.0
1.666979432106018,4.748227119445801,0.0,0.0,0.0
1.0459439754486084,11.933964729309082,0.0,0.0,2.0
2.1998350620269775,7.215223789215088,0.0,0.0,0.0
0.4150380492210388,2.7459542751312256,2.0,2.0,2.0
0.8520411252975464,-0.735366702079773,2.0,2.0,2.0
0.8135556578636169,-2.9637560844421387,2.0,2.0,0.0
0.6966471672058105,5.777833938598633,0.0,0.0,2.0
2.5100111961364746,3.439046621322632,2.0,0.0,0.0
0.7383146286010742,4.829695701599121,0.0,0.0,0.0
2.204580068588257,-3.430233955383301,2.0,2.0,2.0
2.585156202316284,11.246392250061035,0.0,0.0,2.0
0.547958493232727,2.8157498836517334,2.0,2.0,2.0
-1.5869780778884888,-5.24368143081665,1.0,1.0,0.0
0.9827396869659424,3.7156875133514404,2.0,2.0,1.0
1.2649235725402832,6.800201416015625,0.0,0.0,2.0
0.922500491142273,3.7216989994049072,2.0,2.0,1.0
1.5422828197479248,7.792482376098633,0.0,0.0,2.0
1.9178576469421387,13.829875946044922,0.0,0.0,2.0
-0.09173523634672165,9.004401206970215,0.0,0.0,0.0
-0.1849624216556549,-12.570695877075195,1.0,1.0,0.0
-1.7276400327682495,-11.247734069824219,1.0,1.0,1.0
1.851499080657959,7.018406391143799,0.0,0.0,2.0
-2.4581198692321777,-8.21396255493164,1.0,1.0,2.0
-3.0006978511810303,-12.20694351196289,1.0,1.0,0.0
-0.6092223525047302,-10.328705787658691,1.0,1.0,0.0
2.468022108078003,12.681255340576172,0.0,0.0,2.0
-1.0093767642974854,-4.505133152008057,2.0,2.0,1.0
0.3328400254249573,7.334747314453125,0.0,0.0,2.0
1.1131281852722168,-3.5227420330047607,2.0,2.0,2.0
0.7852420806884766,-1.1848646402359009,2.0,2.0,0.0
0.2538634240627289,9.426913261413574,0.0,0.0,1.0
-1.2120864391326904,-3.472660779953003,2.0,2.0,2.0
1.677573561668396,7.805848598480225,0.0,0.0,2.0
-1.0894869565963745,-12.623115539550781,1.0,1.0,0.0
1.5152943134307861,-4.469438552856445,2.0,2.0,2.0
-0.8280534148216248,-11.628815650939941,1.0,1.0,2.0
-3.00565767288208,-11.051602363586426,1.0,1.0,0.0
2.6955173015594482,8.388100624084473,0.0,0.0,0.0
0.11218095570802689,7.2734479904174805,0.0,0.0,0.0
0.5131149291992188,-11.06261157989502,1.0,1.0,1.0
0.8375083804130554,-7.4145636558532715,1.0,2.0,0.0
0.8459444642066956,5.799964904785156,0.0,0.0,2.0
1.8142783641815186,4.617902755737305,0.0,0.0,0.0
0.32427236437797546,-0.5829986929893494,2.0,2.0,1.0
1.2685391902923584,6.661169052124023,0.0,0.0,2.0
-0.5875377058982849,-2.683718204498291,2.0,2.0,1.0
1.1957452297210693,10.498173713684082,0.0,0.0,1.0
0.32138821482658386,6.108815670013428,0.0,0.0,1.0
-0.4952628016471863,-8.159147262573242,1.0,1.0,2.0
-1.6788526773452759,-9.947798728942871,1.0,1.0,1.0
0.10505758225917816,-0.6699990034103394,2.0,2.0,2.0
1.2637925148010254,4.908010005950928,0.0,0.0,0.0
0.36994147300720215,-0.2596893012523651,2.0,2.0,0.0
-0.4189724922180176,-3.87648606300354,2.0,2.0,2.0
-0.6585210561752319,4.019004821777344,2.0,2.0,0.0
1.4850127696990967,9.576936721801758,0.0,0.0,0.0
2.296534299850464,10.61812686920166,0.0,0.0,2.0
-2.408849000930786,-10.790884971618652,1.0,1.0,0.0
1.9064282178878784,11.581708908081055,0.0,0.0,0.0
1.4139705896377563,3.8270208835601807,2.0,2.0,0.0
-1.2366745471954346,-5.312270164489746,1.0,1.0,2.0
0.49073687195777893,-1.706336259841919,2.0,2.0,2.0
0.8587899208068848,0.8256113529205322,2.0,2.0,0.0
-0.5629861950874329,2.2473113536834717,2.0,2.0,2.0
1.1722586154937744,-2.985626459121704,2.0,2.0,0.0
1.381530523300171,-1.6433753967285156,2.0,2.0,2.0
1.4944863319396973,10.332901954650879,0.0,0.0,0.0
-0.3106178641319275,1.8969956636428833,2.0,2.0,0.0
2.0766682624816895,12.094911575317383,0.0,0.0,2.0
-0.2598227262496948,-6.624439239501953,1.0,1.0,0.0
0.36386752128601074,-5.932098865509033,1.0,2.0,2.0
1.371327519416809,10.326709747314453,0.0,0.0,2.0
-2.5500972270965576,-8.277484893798828,1.0,1.0,0.0
-0.36786502599716187,-10.302736282348633,1.0,1.0,1.0
0.5292937159538269,5.9874725341796875,0.0,0.0,2.0
1.1274855136871338,12.585826873779297,0.0,0.0,2.0
-0.48333740234375,-1.549666404724121,2.0,2.0,2.0
-1.2789665460586548,-6.252201080322266,1.0,1.0,0.0
0.4857507050037384,-3.1495378017425537,2.0,2.0,1.0
0.2572777569293976,4.75629186630249,0.0,2.0,0.0
1.7494009733200073,6.055069923400879,0.0,0.0,2.0
0.16145049035549164,-10.930662155151367,1.0,1.0,0.0
1.1843464374542236,9.63906192779541,0.0,0.0,0.0
0.2617262303829193,1.8589317798614502,2.0,2.0,2.0
-1.4145522117614746,-9.355123519897461,1.0,1.0,1.0
-0.5310258269309998,-12.057066917419434,1.0,1.0,0.0
-0.5681169629096985,-12.03717041015625,1.0,1.0,0.0
1.0146948099136353,0.9613391160964966,2.0,2.0,0.0
1.3274633884429932,7.426451206207275,0.0,0.0,0.0
-1.5255320072174072,1.0518226623535156,2.0,2.0,2.0
1.284049153327942,-1.615519642829895,2.0,2.0,2.0
2.082141637802124,9.319572448730469,0.0,0.0,1.0
-1.6336017847061157,-10.907609939575195,1.0,1.0,0.0
1.9861681461334229,9.428714752197266,0.0,0.0,0.0
1.9710607528686523,4.726696491241455,0.0,0.0,0.0
1.5271610021591187,-4.44387149810791,2.0,2.0,2.0
-0.2898743152618408,5.434489727020264,0.0,2.0,2.0
2.788015365600586,4.646486759185791,0.0,0.0,0.0
-2.424197196960449,-11.496828079223633,1.0,1.0,0.0
0.8972333073616028,8.42263412475586,0.0,0.0,0.0
0.8153066635131836,-7.898017406463623,1.0,2.0,2.0
0.2538745701313019,9.426908493041992,0.0,0.0,2.0
3.4765567779541016,10.048107147216797,0.0,0.0,0.0
0.1903844028711319,8.386157035827637,0.0,0.0,0.0
-0.7927505970001221,-8.87873649597168,1.0,1.0,1.0
